date,time,ip,page
2023-04-02,15:56:00,127.0.0.1,index
2023-04-03,15:42:46,87.253.85.213,index
2023-04-03,17:33:06,187.19.138.20,index
2023-04-03,17:33:14,187.19.138.20,index
2023-04-04,16:08:42,127.0.0.1,index
2023-04-05,13:11:57,187.19.138.20,index
2023-04-05,13:12:01,187.19.138.20,bookmovie
2023-04-06,02:26:23,187.69.91.174,jangada
2023-04-06,02:26:23,187.69.91.174,jangada
2023-04-06,22:29:25,201.17.210.82,index
2023-04-08,07:56:17,87.253.85.213,robot
2023-04-08,12:46:15,201.17.210.82,index
2023-04-14,01:43:31,191.207.111.142,index
2023-04-14,11:49:59,201.17.210.82,index
2023-04-14,13:32:06,167.250.111.60,cnc
2023-04-14,16:34:55,201.17.210.82,index
2023-04-17,12:37:19,207.38.145.124,index
2023-04-17,13:32:03,201.17.210.82,index

